Seed, Tile Index, Algorithm,Vertex Count, Triangle Count,Vertex Reduction Rate (%),Triangle Reduction Rate (%), Min Deviation, Max Deviation, Mean Deviation
1764097240, 0, Terrain Generator, 674880, 1244160, 0.5101597, 0.4982699, 0, 0.0022683144, 5.3429198E-05
1764097240, 1, Terrain Generator, 674880, 1244160, 0.5101597, 0.4982699, 0, 0.0010071397, 1.5990177E-05
1764097240, 2, Terrain Generator, 674880, 1244160, 0.5101597, 0.4982699, 0, 0.0010760427, 2.875876E-05
1764097240, 3, Terrain Generator, 674880, 1244160, 0.5101597, 0.4982699, 0, 0.0030315518, 9.787308E-05
1764097240, 4, Terrain Generator, 674880, 1244160, 0.5101597, 0.4982699, 0, 0.0027204156, 8.9504676E-05
1764097240, 5, Terrain Generator, 674880, 1244160, 0.5101597, 0.4982699, 0, 0.0032570332, 9.804864E-05
1764097240, 6, Terrain Generator, 674880, 1244160, 0.5101597, 0.4982699, 0, 0.0016642809, 7.012207E-05
1764097240, 7, Terrain Generator, 674880, 1244160, 0.5101597, 0.4982699, 0, 0.0034210696, 0.00013754024
1764097240, 8, Terrain Generator, 674880, 1244160, 0.5101597, 0.4982699, 0, 0.000852108, 1.0798005E-05
1764097240, 9, Terrain Generator, 674880, 1244160, 0.5101597, 0.4982699, 0, 0.00094646215, 2.0019195E-05
1764097240, 10, Terrain Generator, 674880, 1244160, 0.5101597, 0.4982699, 0, 0.0006432533, 5.329307E-06
1764097240, 11, Terrain Generator, 674880, 1244160, 0.5101597, 0.4982699, 0, 0.0013899207, 6.243763E-05
1764097240, 12, Terrain Generator, 674880, 1244160, 0.5101597, 0.4982699, 0, 0.0024817544, 7.9129626E-05
1764097240, 13, Terrain Generator, 674880, 1244160, 0.5101597, 0.4982699, 0, 0.0038974285, 0.00014113793
1764097240, 14, Terrain Generator, 674880, 1244160, 0.5101597, 0.4982699, 0, 0.0020295978, 9.64093E-05
1764097240, 15, Terrain Generator, 674880, 1244160, 0.5101597, 0.4982699, 0, 0.0016710162, 5.458073E-05
1764097240, 16, Terrain Generator, 674880, 1244160, 0.5101597, 0.4982699, 0, 0.0020509958, 5.62476E-05
1764097240, 17, Terrain Generator, 674880, 1244160, 0.5101597, 0.4982699, 0, 0.0022591613, 5.6132616E-05
1764097240, 18, Terrain Generator, 674880, 1244160, 0.5101597, 0.4982699, 0, 0.0017054081, 7.4005686E-05
1764097240, 19, Terrain Generator, 674880, 1244160, 0.5101597, 0.4982699, 0, 0.0026359558, 0.0001077843
1764097240, 20, Terrain Generator, 674880, 1244160, 0.5101597, 0.4982699, 0, 0.001816988, 9.31338E-05
1764097240, 21, Terrain Generator, 674880, 1244160, 0.5101597, 0.4982699, 0, 0.0013405085, 2.9596436E-05
1764097240, 22, Terrain Generator, 674880, 1244160, 0.5101597, 0.4982699, 0, 0.0040588286, 0.00013922808
1764097240, 23, Terrain Generator, 674880, 1244160, 0.5101597, 0.4982699, 0, 0.0035820007, 0.000111281
1764097240, 24, Terrain Generator, 674880, 1244160, 0.5101597, 0.4982699, 0, 0.0037814525, 0.00010413584
1764097240, 25, Terrain Generator, 674880, 1244160, 0.5101597, 0.4982699, 0, 0.002143681, 8.2198865E-05
1764097240, 26, Terrain Generator, 674880, 1244160, 0.5101597, 0.4982699, 0, 0.0044098496, 0.0002088475
1764097240, 27, Terrain Generator, 674880, 1244160, 0.5101597, 0.4982699, 0, 0.0022525191, 0.00010623142
1764097240, 28, Terrain Generator, 674880, 1244160, 0.5101597, 0.4982699, 0, 0.0037119852, 9.317436E-05
1764097240, 29, Terrain Generator, 674880, 1244160, 0.5101597, 0.4982699, 0, 0.0014766455, 2.1975771E-05
1764097240, 30, Terrain Generator, 674880, 1244160, 0.5101597, 0.4982699, 0, 0.0021720529, 3.9754355E-05
1764097240, 31, Terrain Generator, 674880, 1244160, 0.5101597, 0.4982699, 0, 0.0009326935, 1.9018291E-05
1764097240, 32, Terrain Generator, 674880, 1244160, 0.5101597, 0.4982699, 0, 0.0022004247, 9.666094E-05
1764097240, 33, Terrain Generator, 674880, 1244160, 0.5101597, 0.4982699, 0, 0.003258109, 0.00010758568
1764097240, 34, Terrain Generator, 674880, 1244160, 0.5101597, 0.4982699, 0, 0.0009917617, 1.3596214E-05
1764097240, 35, Terrain Generator, 674880, 1244160, 0.5101597, 0.4982699, 0, 0.001163168, 2.7182292E-05
1764097240, 36, Terrain Generator, 674880, 1244160, 0.5101597, 0.4982699, 0, 0.0037018503, 0.00016953817
1764097240, 37, Terrain Generator, 674880, 1244160, 0.5101597, 0.4982699, 0, 0.0021293163, 8.862686E-05
1764097240, 38, Terrain Generator, 674880, 1244160, 0.5101597, 0.4982699, 0, 0.001993815, 2.2888968E-05
1764097240, 39, Terrain Generator, 674880, 1244160, 0.5101597, 0.4982699, 0, 0.0022014948, 8.383716E-05
1764097240, 40, Terrain Generator, 674880, 1244160, 0.5101597, 0.4982699, 0, 0.0021504164, 5.6911922E-05
1764097240, 41, Terrain Generator, 674880, 1244160, 0.5101597, 0.4982699, 0, 0.0011876225, 2.768444E-06
1764097240, 42, Terrain Generator, 674880, 1244160, 0.5101597, 0.4982699, 0, 0.0031690598, 6.042915E-05
1764097240, 43, Terrain Generator, 674880, 1244160, 0.5101597, 0.4982699, 0, 0.00089336064, 1.628691E-05
1764097240, 44, Terrain Generator, 674880, 1244160, 0.5101597, 0.4982699, 0, 0.0022003397, 5.8010533E-05
1764097240, 45, Terrain Generator, 674880, 1244160, 0.5101597, 0.4982699, 0, 0.0027150381, 8.81111E-05
1764097240, 46, Terrain Generator, 674880, 1244160, 0.5101597, 0.4982699, 0, 0.0044119954, 9.491216E-05
1764097240, 47, Terrain Generator, 674880, 1244160, 0.5101597, 0.4982699, 0, 0.0016263723, 9.117425E-06
1764097240, 48, Terrain Generator, 674880, 1244160, 0.5101597, 0.4982699, 0, 0.0017821789, 4.162878E-05
1764097240, 49, Terrain Generator, 674880, 1244160, 0.5101597, 0.4982699, 0, 0.0011085868, 2.246151E-06
1764097240, 50, Terrain Generator, 674880, 1244160, 0.5101597, 0.4982699, 0, 0.0007420778, 8.895588E-06
1764097240, 51, Terrain Generator, 674880, 1244160, 0.5101597, 0.4982699, 0, 0.001837806, 4.382022E-05
1764097240, 52, Terrain Generator, 674880, 1244160, 0.5101597, 0.4982699, 0, 0.0016694069, 6.456226E-05
1764097240, 53, Terrain Generator, 674880, 1244160, 0.5101597, 0.4982699, 0, 0.0025231242, 5.5779576E-05
1764097240, 54, Terrain Generator, 674880, 1244160, 0.5101597, 0.4982699, 0, 0.0011227727, 2.9899478E-05
1764097240, 55, Terrain Generator, 674880, 1244160, 0.5101597, 0.4982699, 0, 0.0016992688, 1.269296E-05
1764097240, 56, Terrain Generator, 674880, 1244160, 0.5101597, 0.4982699, 0, 0.0019003749, 2.5627474E-05
1764097240, 57, Terrain Generator, 674880, 1244160, 0.5101597, 0.4982699, 0, 0.0009317994, 3.6372232E-06
1764097240, 58, Terrain Generator, 674880, 1244160, 0.5101597, 0.4982699, 0, 0.0025418997, 3.994024E-05
1764097240, 59, Terrain Generator, 674880, 1244160, 0.5101597, 0.4982699, 0, 0.004051051, 0.00019990912
1764097240, 60, Terrain Generator, 674880, 1244160, 0.5101597, 0.4982699, 0, 0.0021471381, 6.01885E-05
1764097240, 61, Terrain Generator, 674880, 1244160, 0.5101597, 0.4982699, 0, 0.004050354, 9.847042E-05
1764097240, 62, Terrain Generator, 674880, 1244160, 0.5101597, 0.4982699, 0, 0.0017161965, 3.202669E-05
1764097240, 63, Terrain Generator, 674880, 1244160, 0.5101597, 0.4982699, 0, 0.0037304163, 5.0628976E-05
1764097240, 64, Terrain Generator, 674880, 1244160, 0.5101597, 0.4982699, 0, 0.0032153726, 9.071321E-05
1764097240, 65, Terrain Generator, 674880, 1244160, 0.5101597, 0.4982699, 0, 0.0019930005, 1.1983829E-05
1764097240, 66, Terrain Generator, 674880, 1244160, 0.5101597, 0.4982699, 0, 0.0027623177, 3.4016266E-05
1764097240, 67, Terrain Generator, 674880, 1244160, 0.5101597, 0.4982699, 0, 0.002907753, 6.107121E-05
1764097240, 68, Terrain Generator, 674880, 1244160, 0.5101597, 0.4982699, 0, 0.00093591213, 3.1151507E-05
1764097240, 69, Terrain Generator, 674880, 1244160, 0.5101597, 0.4982699, 0, 0.0018210411, 2.4765184E-05
1764097240, 70, Terrain Generator, 674880, 1244160, 0.5101597, 0.4982699, 0, 0.0017652512, 1.4768904E-05
1764097240, 71, Terrain Generator, 674880, 1244160, 0.5101597, 0.4982699, 0, 0.004418101, 0.00013117408
1764097240, 72, Terrain Generator, 674880, 1244160, 0.5101597, 0.4982699, 0, 0.0020797253, 5.793614E-05
1764097240, 73, Terrain Generator, 674880, 1244160, 0.5101597, 0.4982699, 0, 0.0010666251, 4.9363065E-05
1764097240, 74, Terrain Generator, 674880, 1244160, 0.5101597, 0.4982699, 0, 0.0017061234, 4.7346126E-05
1764097240, 75, Terrain Generator, 674880, 1244160, 0.5101597, 0.4982699, 0, 0.00046902895, 8.0795957E-07
1764097240, 76, Terrain Generator, 674880, 1244160, 0.5101597, 0.4982699, 0, 0.0029025336, 6.6751716E-05
1764097240, 77, Terrain Generator, 674880, 1244160, 0.5101597, 0.4982699, 0, 0.0008203387, 1.5566602E-05
1764097240, 78, Terrain Generator, 674880, 1244160, 0.5101597, 0.4982699, 0, 0.0022500681, 4.8924325E-05
1764097240, 79, Terrain Generator, 674880, 1244160, 0.5101597, 0.4982699, 0, 0.0011681914, 1.9435913E-05
1764097240, 80, Terrain Generator, 674880, 1244160, 0.5101597, 0.4982699, 0, 0.0039876783, 0.00015087788
1764097240, 81, Terrain Generator, 674880, 1244160, 0.5101597, 0.4982699, 0, 0.0028311014, 9.8831355E-05
1764097240, 82, Terrain Generator, 674880, 1244160, 0.5101597, 0.4982699, 0, 0.0016744137, 3.5824356E-05
1764097240, 83, Terrain Generator, 674880, 1244160, 0.5101597, 0.4982699, 0, 0.0036284328, 0.0001291019
1764097240, 84, Terrain Generator, 674880, 1244160, 0.5101597, 0.4982699, 0, 0.0019212365, 6.2083025E-05
1764097240, 85, Terrain Generator, 674880, 1244160, 0.5101597, 0.4982699, 0, 0.0055230395, 0.000111786256
1764097240, 86, Terrain Generator, 674880, 1244160, 0.5101597, 0.4982699, 0, 0.006372288, 0.00022681514
1764097240, 87, Terrain Generator, 674880, 1244160, 0.5101597, 0.4982699, 0, 0.004662431, 0.00012199694
1764097240, 88, Terrain Generator, 674880, 1244160, 0.5101597, 0.4982699, 0, 0.0018817782, 9.313415E-05
1764097240, 89, Terrain Generator, 674880, 1244160, 0.5101597, 0.4982699, 0, 0.002207692, 0.00014528625
1764097240, 90, Terrain Generator, 674880, 1244160, 0.5101597, 0.4982699, 0, 0.0030149694, 0.00014258926
1764097240, 91, Terrain Generator, 674880, 1244160, 0.5101597, 0.4982699, 0, 0.0016977191, 4.4078726E-05
1764097240, 92, Terrain Generator, 674880, 1244160, 0.5101597, 0.4982699, 0, 0.0021503568, 0.000109381836
1764097240, 93, Terrain Generator, 674880, 1244160, 0.5101597, 0.4982699, 0, 0.0026711226, 4.0007642E-05
1764097240, 94, Terrain Generator, 674880, 1244160, 0.5101597, 0.4982699, 0, 0.005486749, 0.00018105142
1764097240, 95, Terrain Generator, 674880, 1244160, 0.5101597, 0.4982699, 0, 0.0012523532, 4.9938255E-05
1764097240, 96, Terrain Generator, 674880, 1244160, 0.5101597, 0.4982699, 0, 0.0021689534, 7.6997E-05
1764097240, 97, Terrain Generator, 674880, 1244160, 0.5101597, 0.4982699, 0, 0.0023147548, 5.2661377E-05
1764097240, 98, Terrain Generator, 674880, 1244160, 0.5101597, 0.4982699, 0, 0.0010687709, 3.566439E-05
1764097240, 99, Terrain Generator, 674880, 1244160, 0.5101597, 0.4982699, 0, 0.0033881664, 0.000108798944
1764097240, 100, Terrain Generator, 674880, 1244160, 0.5101597, 0.4982699, 0, 0.0029540062, 0.0001029982
1764097240, 101, Terrain Generator, 674880, 1244160, 0.5101597, 0.4982699, 0, 0.0036919713, 0.00010318594
1764097240, 102, Terrain Generator, 674880, 1244160, 0.5101597, 0.4982699, 0, 0.0026162267, 7.12152E-05
1764097240, 103, Terrain Generator, 674880, 1244160, 0.5101597, 0.4982699, 0, 0.00078982115, 1.4807599E-05
1764097240, 104, Terrain Generator, 674880, 1244160, 0.5101597, 0.4982699, 0, 0.0021557212, 2.8349263E-05
1764097240, 105, Terrain Generator, 674880, 1244160, 0.5101597, 0.4982699, 0, 0.0022057295, 8.414206E-05
1764097240, 106, Terrain Generator, 674880, 1244160, 0.5101597, 0.4982699, 0, 0.00333105, 8.230779E-05
1764097240, 107, Terrain Generator, 674880, 1244160, 0.5101597, 0.4982699, 0, 0.002218847, 6.916086E-05
1764097240, 108, Terrain Generator, 674880, 1244160, 0.5101597, 0.4982699, 0, 0.002257228, 0.00010219902
1764097240, 109, Terrain Generator, 674880, 1244160, 0.5101597, 0.4982699, 0, 0.0044207694, 0.00017601902
1764097240, 110, Terrain Generator, 674880, 1244160, 0.5101597, 0.4982699, 0, 0.002105713, 8.84686E-05
1764097240, 111, Terrain Generator, 674880, 1244160, 0.5101597, 0.4982699, 0, 0.0024661748, 6.9884576E-05
1764097240, 112, Terrain Generator, 674880, 1244160, 0.5101597, 0.4982699, 0, 0.0011405349, 1.4915026E-05
1764097240, 113, Terrain Generator, 674880, 1244160, 0.5101597, 0.4982699, 0, 0.0011082292, 3.4995086E-05
1764097240, 114, Terrain Generator, 674880, 1244160, 0.5101597, 0.4982699, 0, 0.002080083, 4.8669524E-05
1764097240, 115, Terrain Generator, 674880, 1244160, 0.5101597, 0.4982699, 0, 0.0034195185, 7.01243E-05
1764097240, 116, Terrain Generator, 674880, 1244160, 0.5101597, 0.4982699, 0, 0.0037204027, 7.177066E-05
1764097240, 117, Terrain Generator, 674880, 1244160, 0.5101597, 0.4982699, 0, 0.0026237115, 8.172777E-05
1764097240, 118, Terrain Generator, 674880, 1244160, 0.5101597, 0.4982699, 0, 0.0022203922, 7.74968E-05
1764097240, 119, Terrain Generator, 674880, 1244160, 0.5101597, 0.4982699, 0, 0.0034553995, 0.00012961782
1764097240, 120, Terrain Generator, 674880, 1244160, 0.5101597, 0.4982699, 0, 0.003105205, 0.000105599334
1764097240, 121, Terrain Generator, 674880, 1244160, 0.5101597, 0.4982699, 0, 0.0010235906, 6.17152E-05
1764097240, 122, Terrain Generator, 674880, 1244160, 0.5101597, 0.4982699, 0, 0.0019218326, 5.991327E-05
1764097240, 123, Terrain Generator, 674880, 1244160, 0.5101597, 0.4982699, 0, 0.0025001, 3.650021E-05
1764097240, 124, Terrain Generator, 674880, 1244160, 0.5101597, 0.4982699, 0, 0.002831459, 7.303647E-05
1764097240, 125, Terrain Generator, 674880, 1244160, 0.5101597, 0.4982699, 0, 0.002462685, 0.00010329631
1764097240, 126, Terrain Generator, 674880, 1244160, 0.5101597, 0.4982699, 0, 0.0039435793, 0.00014747585
1764097240, 127, Terrain Generator, 674880, 1244160, 0.5101597, 0.4982699, 0, 0.0053541064, 0.00013596349
1764097240, 128, Terrain Generator, 674880, 1244160, 0.5101597, 0.4982699, 0, 0.0038581297, 8.744718E-05
1764097240, 129, Terrain Generator, 674880, 1244160, 0.5101597, 0.4982699, 0, 0.0016707182, 2.731501E-05
1764097240, 130, Terrain Generator, 674880, 1244160, 0.5101597, 0.4982699, 0, 0.0019148665, 2.4686145E-05
1764097240, 131, Terrain Generator, 674880, 1244160, 0.5101597, 0.4982699, 0, 0.004459381, 0.00017485273
1764097240, 132, Terrain Generator, 674880, 1244160, 0.5101597, 0.4982699, 0, 0.002457261, 0.00012907629
1764097240, 133, Terrain Generator, 674880, 1244160, 0.5101597, 0.4982699, 0, 0.0020444393, 4.123182E-05
1764097240, 134, Terrain Generator, 674880, 1244160, 0.5101597, 0.4982699, 0, 0.0018984675, 4.9753777E-05
1764097240, 135, Terrain Generator, 674880, 1244160, 0.5101597, 0.4982699, 0, 0.00090765953, 7.5051857E-06
1764097240, 136, Terrain Generator, 674880, 1244160, 0.5101597, 0.4982699, 0, 0.0014234185, 3.0321415E-05
1764097240, 137, Terrain Generator, 674880, 1244160, 0.5101597, 0.4982699, 0, 0.0011222936, 1.1328744E-05
1764097240, 138, Terrain Generator, 674880, 1244160, 0.5101597, 0.4982699, 0, 0.006289271, 0.00017208747
1764097240, 139, Terrain Generator, 674880, 1244160, 0.5101597, 0.4982699, 0, 0.0030287504, 0.00012459165
1764097240, 140, Terrain Generator, 674880, 1244160, 0.5101597, 0.4982699, 0, 0.0025028575, 7.66807E-05
1764097240, 141, Terrain Generator, 674880, 1244160, 0.5101597, 0.4982699, 0, 0.005653029, 0.00014476826
1764097240, 142, Terrain Generator, 674880, 1244160, 0.5101597, 0.4982699, 0, 0.0014003515, 2.1814723E-05
1764097240, 143, Terrain Generator, 674880, 1244160, 0.5101597, 0.4982699, 0, 0.0013175696, 4.244377E-05
1764097240, 144, Terrain Generator, 674880, 1244160, 0.5101597, 0.4982699, 0, 0.0031021237, 6.1231E-05
1764097240, 145, Terrain Generator, 674880, 1244160, 0.5101597, 0.4982699, 0, 0.0019350052, 7.316005E-05
1764097240, 146, Terrain Generator, 674880, 1244160, 0.5101597, 0.4982699, 0, 0.0014626301, 2.0036938E-05
1764097240, 147, Terrain Generator, 674880, 1244160, 0.5101597, 0.4982699, 0, 0.0029424275, 5.5362227E-05
1764097240, 148, Terrain Generator, 674880, 1244160, 0.5101597, 0.4982699, 0, 0.0024428368, 8.124688E-05
1764097240, 149, Terrain Generator, 674880, 1244160, 0.5101597, 0.4982699, 0, 0.0008031726, 1.1979643E-05
1764097240, 150, Terrain Generator, 674880, 1244160, 0.5101597, 0.4982699, 0, 0.0025927052, 8.990983E-05
1764097240, 151, Terrain Generator, 674880, 1244160, 0.5101597, 0.4982699, 0, 0.0032567978, 7.174264E-05
1764097240, 152, Terrain Generator, 674880, 1244160, 0.5101597, 0.4982699, 0, 0.0021061301, 8.998482E-05
1764097240, 153, Terrain Generator, 674880, 1244160, 0.5101597, 0.4982699, 0, 0.0031867623, 7.195148E-05
1764097240, 154, Terrain Generator, 674880, 1244160, 0.5101597, 0.4982699, 0, 0.0021157265, 7.698701E-05
1764097240, 155, Terrain Generator, 674880, 1244160, 0.5101597, 0.4982699, 0, 0.0019400716, 7.771823E-05
1764097240, 156, Terrain Generator, 674880, 1244160, 0.5101597, 0.4982699, 0, 0.0024024248, 9.511475E-05
1764097240, 157, Terrain Generator, 674880, 1244160, 0.5101597, 0.4982699, 0, 0.0046745753, 0.000105691564
1764097240, 158, Terrain Generator, 674880, 1244160, 0.5101597, 0.4982699, 0, 0.0025590202, 9.530131E-05
1764097240, 159, Terrain Generator, 674880, 1244160, 0.5101597, 0.4982699, 0, 0.0023137927, 6.8996815E-05
1764097240, 160, Terrain Generator, 674880, 1244160, 0.5101597, 0.4982699, 0, 0.0012246966, 3.0311367E-05
1764097240, 161, Terrain Generator, 674880, 1244160, 0.5101597, 0.4982699, 0, 0.0046274876, 5.685289E-05
1764097240, 0, Quadric Simplification, 701641, 1244148, 0.530389, 0.4982651, 0, 0.00021576881, 1.9998355E-05
1764097240, 1, Quadric Simplification, 701641, 1244148, 0.530389, 0.4982651, 0, 0.0001744628, 6.26861E-06
1764097240, 2, Quadric Simplification, 701641, 1244148, 0.530389, 0.4982651, 0, 0.00013834238, 1.214182E-05
1764097240, 3, Quadric Simplification, 701641, 1244148, 0.530389, 0.4982651, 0, 0.00031012297, 4.2174976E-05
1764097240, 4, Quadric Simplification, 701641, 1244148, 0.530389, 0.4982651, 0, 0.0002374053, 3.6498244E-05
1764097240, 5, Quadric Simplification, 701641, 1244148, 0.530389, 0.4982651, 0, 0.00030595064, 3.631605E-05
1764097240, 6, Quadric Simplification, 701641, 1244148, 0.530389, 0.4982651, 0, 0.0002245307, 2.9017521E-05
1764097240, 7, Quadric Simplification, 701641, 1244148, 0.530389, 0.4982651, 0, 0.0004657507, 5.956755E-05
1764097240, 8, Quadric Simplification, 701641, 1244148, 0.530389, 0.4982651, 0, 0.00020360947, 5.733675E-06
1764097240, 9, Quadric Simplification, 701641, 1244148, 0.530389, 0.4982651, 0, 0.00024837255, 1.0015328E-05
1764097240, 10, Quadric Simplification, 701641, 1244148, 0.530389, 0.4982651, 0, 0.00020438433, 3.6416777E-06
1764097240, 11, Quadric Simplification, 701641, 1244148, 0.530389, 0.4982651, 0, 0.0001861453, 2.5729358E-05
1764097240, 12, Quadric Simplification, 701641, 1244148, 0.530389, 0.4982651, 0, 0.00021356344, 3.364298E-05
1764097240, 13, Quadric Simplification, 701641, 1244148, 0.530389, 0.4982651, 0, 0.00044935942, 5.707116E-05
1764097240, 14, Quadric Simplification, 701641, 1244148, 0.530389, 0.4982651, 0, 0.0002835393, 4.0759754E-05
1764097240, 15, Quadric Simplification, 701641, 1244148, 0.530389, 0.4982651, 0, 0.0002078414, 2.1012924E-05
1764097240, 16, Quadric Simplification, 701641, 1244148, 0.530389, 0.4982651, 0, 0.00017893314, 2.8227529E-05
1764097240, 17, Quadric Simplification, 701641, 1244148, 0.530389, 0.4982651, 0, 0.00022906065, 2.1762233E-05
1764097240, 18, Quadric Simplification, 701641, 1244148, 0.530389, 0.4982651, 0, 0.00030303, 3.388513E-05
1764097240, 19, Quadric Simplification, 701641, 1244148, 0.530389, 0.4982651, 0, 0.0003426075, 4.8743794E-05
1764097240, 20, Quadric Simplification, 701641, 1244148, 0.530389, 0.4982651, 0, 0.0002475381, 4.0154937E-05
1764097240, 21, Quadric Simplification, 701641, 1244148, 0.530389, 0.4982651, 0, 0.00012415648, 1.2311268E-05
1764097240, 22, Quadric Simplification, 701641, 1244148, 0.530389, 0.4982651, 0, 0.0004567504, 5.7462876E-05
1764097240, 23, Quadric Simplification, 701641, 1244148, 0.530389, 0.4982651, 0, 0.0003388524, 4.29638E-05
1764097240, 24, Quadric Simplification, 701641, 1244148, 0.530389, 0.4982651, 0, 0.00037884712, 4.174867E-05
1764097240, 25, Quadric Simplification, 701641, 1244148, 0.530389, 0.4982651, 0, 0.00023514032, 3.0877996E-05
1764097240, 26, Quadric Simplification, 701641, 1244148, 0.530389, 0.4982651, 0, 0.0006734729, 9.005407E-05
1764097240, 27, Quadric Simplification, 701641, 1244148, 0.530389, 0.4982651, 0, 0.00041091442, 5.0255316E-05
1764097240, 28, Quadric Simplification, 701641, 1244148, 0.530389, 0.4982651, 0, 0.00030446053, 3.774669E-05
1764097240, 29, Quadric Simplification, 701641, 1244148, 0.530389, 0.4982651, 0, 0.00014990568, 6.8152017E-06
1764097240, 30, Quadric Simplification, 701641, 1244148, 0.530389, 0.4982651, 0, 0.00020939112, 1.2629703E-05
1764097240, 31, Quadric Simplification, 701641, 1244148, 0.530389, 0.4982651, 0, 0.00016081333, 7.3134825E-06
1764097240, 32, Quadric Simplification, 701641, 1244148, 0.530389, 0.4982651, 0, 0.00024473667, 3.6559366E-05
1764097240, 33, Quadric Simplification, 701641, 1244148, 0.530389, 0.4982651, 0, 0.0003247261, 4.345569E-05
1764097240, 34, Quadric Simplification, 701641, 1244148, 0.530389, 0.4982651, 0, 0.00015467405, 5.1332536E-06
1764097240, 35, Quadric Simplification, 701641, 1244148, 0.530389, 0.4982651, 0, 0.0001322627, 1.20255445E-05
1764097240, 36, Quadric Simplification, 701641, 1244148, 0.530389, 0.4982651, 0, 0.0005107522, 7.022644E-05
1764097240, 37, Quadric Simplification, 701641, 1244148, 0.530389, 0.4982651, 0, 0.00031787157, 3.7962694E-05
1764097240, 38, Quadric Simplification, 701641, 1244148, 0.530389, 0.4982651, 0, 0.0002373457, 6.6902817E-06
1764097240, 39, Quadric Simplification, 701641, 1244148, 0.530389, 0.4982651, 0, 0.00024801493, 3.5106477E-05
1764097240, 40, Quadric Simplification, 701641, 1244148, 0.530389, 0.4982651, 0, 0.00018805265, 1.8607321E-05
1764097240, 41, Quadric Simplification, 701641, 1244148, 0.530389, 0.4982651, 0, 0.00018054247, 1.4914442E-06
1764097240, 42, Quadric Simplification, 701641, 1244148, 0.530389, 0.4982651, 0, 0.00024664402, 2.3780325E-05
1764097240, 43, Quadric Simplification, 701641, 1244148, 0.530389, 0.4982651, 0, 0.0001834631, 4.71297E-06
1764097240, 44, Quadric Simplification, 701641, 1244148, 0.530389, 0.4982651, 0, 0.00023496151, 2.1492677E-05
1764097240, 45, Quadric Simplification, 701641, 1244148, 0.530389, 0.4982651, 0, 0.00024807453, 3.42296E-05
1764097240, 46, Quadric Simplification, 701641, 1244148, 0.530389, 0.4982651, 0, 0.00033307076, 3.5207453E-05
1764097240, 47, Quadric Simplification, 701641, 1244148, 0.530389, 0.4982651, 0, 0.00023806095, 3.340397E-06
1764097240, 48, Quadric Simplification, 701641, 1244148, 0.530389, 0.4982651, 0, 0.00017786026, 1.92439E-05
1764097240, 49, Quadric Simplification, 701641, 1244148, 0.530389, 0.4982651, 0, 0.00017976761, 1.1426531E-06
1764097240, 50, Quadric Simplification, 701641, 1244148, 0.530389, 0.4982651, 0, 0.00014591217, 3.6876966E-06
1764097240, 51, Quadric Simplification, 701641, 1244148, 0.530389, 0.4982651, 0, 0.00013375282, 1.9831E-05
1764097240, 52, Quadric Simplification, 701641, 1244148, 0.530389, 0.4982651, 0, 0.00015413761, 2.591084E-05
1764097240, 53, Quadric Simplification, 701641, 1244148, 0.530389, 0.4982651, 0, 0.00020599365, 1.9761825E-05
1764097240, 54, Quadric Simplification, 701641, 1244148, 0.530389, 0.4982651, 0, 0.00016057491, 1.2478895E-05
1764097240, 55, Quadric Simplification, 701641, 1244148, 0.530389, 0.4982651, 0, 0.00013190508, 4.0630084E-06
1764097240, 56, Quadric Simplification, 701641, 1244148, 0.530389, 0.4982651, 0, 0.00020968914, 7.370624E-06
1764097240, 57, Quadric Simplification, 701641, 1244148, 0.530389, 0.4982651, 0, 0.00017899275, 1.5253326E-06
1764097240, 58, Quadric Simplification, 701641, 1244148, 0.530389, 0.4982651, 0, 0.0001269579, 1.3945309E-05
1764097240, 59, Quadric Simplification, 701641, 1244148, 0.530389, 0.4982651, 0, 0.0006327763, 7.7912824E-05
1764097240, 60, Quadric Simplification, 701641, 1244148, 0.530389, 0.4982651, 0, 0.00020873547, 2.1798238E-05
1764097240, 61, Quadric Simplification, 701641, 1244148, 0.530389, 0.4982651, 0, 0.00036996603, 4.2123735E-05
1764097240, 62, Quadric Simplification, 701641, 1244148, 0.530389, 0.4982651, 0, 0.00024914742, 1.5209068E-05
1764097240, 63, Quadric Simplification, 701641, 1244148, 0.530389, 0.4982651, 0, 0.00022649765, 1.9465504E-05
1764097240, 64, Quadric Simplification, 701641, 1244148, 0.530389, 0.4982651, 0, 0.00031340122, 3.7035275E-05
1764097240, 65, Quadric Simplification, 701641, 1244148, 0.530389, 0.4982651, 0, 0.00015842915, 3.1110676E-06
1764097240, 66, Quadric Simplification, 701641, 1244148, 0.530389, 0.4982651, 0, 0.00017231703, 8.82309E-06
1764097240, 67, Quadric Simplification, 701641, 1244148, 0.530389, 0.4982651, 0, 0.00025719404, 2.724293E-05
1764097240, 68, Quadric Simplification, 701641, 1244148, 0.530389, 0.4982651, 0, 0.0001654625, 1.3361436E-05
1764097240, 69, Quadric Simplification, 701641, 1244148, 0.530389, 0.4982651, 0, 0.00018328428, 8.2826855E-06
1764097240, 70, Quadric Simplification, 701641, 1244148, 0.530389, 0.4982651, 0, 0.00023597479, 4.4795056E-06
1764097240, 71, Quadric Simplification, 701641, 1244148, 0.530389, 0.4982651, 0, 0.0003874302, 5.109593E-05
1764097240, 72, Quadric Simplification, 701641, 1244148, 0.530389, 0.4982651, 0, 0.00019800663, 2.2614217E-05
1764097240, 73, Quadric Simplification, 701641, 1244148, 0.530389, 0.4982651, 0, 0.00015592575, 2.3352915E-05
1764097240, 74, Quadric Simplification, 701641, 1244148, 0.530389, 0.4982651, 0, 0.00022405386, 1.8708197E-05
1764097240, 75, Quadric Simplification, 701641, 1244148, 0.530389, 0.4982651, 0, 7.9512596E-05, 6.0923185E-07
1764097240, 76, Quadric Simplification, 701641, 1244148, 0.530389, 0.4982651, 0, 0.0002850294, 2.1848657E-05
1764097240, 77, Quadric Simplification, 701641, 1244148, 0.530389, 0.4982651, 0, 0.00018203259, 6.2361387E-06
1764097240, 78, Quadric Simplification, 701641, 1244148, 0.530389, 0.4982651, 0, 0.00024962425, 2.2617238E-05
1764097240, 79, Quadric Simplification, 701641, 1244148, 0.530389, 0.4982651, 0, 0.00019973516, 8.183864E-06
1764097240, 80, Quadric Simplification, 701641, 1244148, 0.530389, 0.4982651, 0, 0.0005312562, 5.9987076E-05
1764097240, 81, Quadric Simplification, 701641, 1244148, 0.530389, 0.4982651, 0, 0.00034981966, 4.3018776E-05
1764097240, 82, Quadric Simplification, 701641, 1244148, 0.530389, 0.4982651, 0, 0.00012540817, 1.5992333E-05
1764097240, 83, Quadric Simplification, 701641, 1244148, 0.530389, 0.4982651, 0, 0.00039094687, 5.4182758E-05
1764097240, 84, Quadric Simplification, 701641, 1244148, 0.530389, 0.4982651, 0, 0.00018632412, 2.6733664E-05
1764097240, 85, Quadric Simplification, 701641, 1244148, 0.530389, 0.4982651, 0, 0.00034493208, 4.517707E-05
1764097240, 86, Quadric Simplification, 701641, 1244148, 0.530389, 0.4982651, 0, 0.0006528532, 9.427528E-05
1764097240, 87, Quadric Simplification, 701641, 1244148, 0.530389, 0.4982651, 0, 0.00039863586, 5.1161627E-05
1764097240, 88, Quadric Simplification, 701641, 1244148, 0.530389, 0.4982651, 0, 0.0002834797, 3.74949E-05
1764097240, 89, Quadric Simplification, 701641, 1244148, 0.530389, 0.4982651, 0, 0.00039869547, 6.0559327E-05
1764097240, 90, Quadric Simplification, 701641, 1244148, 0.530389, 0.4982651, 0, 0.00043475628, 5.6616424E-05
1764097240, 91, Quadric Simplification, 701641, 1244148, 0.530389, 0.4982651, 0, 0.00018048286, 1.7458975E-05
1764097240, 92, Quadric Simplification, 701641, 1244148, 0.530389, 0.4982651, 0, 0.00033390522, 4.5736735E-05
1764097240, 93, Quadric Simplification, 701641, 1244148, 0.530389, 0.4982651, 0, 0.00018322468, 1.422621E-05
1764097240, 94, Quadric Simplification, 701641, 1244148, 0.530389, 0.4982651, 0, 0.00054746866, 7.934349E-05
1764097240, 95, Quadric Simplification, 701641, 1244148, 0.530389, 0.4982651, 0, 0.00018078089, 1.8791014E-05
1764097240, 96, Quadric Simplification, 701641, 1244148, 0.530389, 0.4982651, 0, 0.0002194047, 3.2949883E-05
1764097240, 97, Quadric Simplification, 701641, 1244148, 0.530389, 0.4982651, 0, 0.00019550323, 1.826588E-05
1764097240, 98, Quadric Simplification, 701641, 1244148, 0.530389, 0.4982651, 0, 0.00025349855, 1.311868E-05
1764097240, 99, Quadric Simplification, 701641, 1244148, 0.530389, 0.4982651, 0, 0.00036871433, 4.4206827E-05
1764097240, 100, Quadric Simplification, 701641, 1244148, 0.530389, 0.4982651, 0, 0.00025218725, 3.991029E-05
1764097240, 101, Quadric Simplification, 701641, 1244148, 0.530389, 0.4982651, 0, 0.00029814243, 4.3643773E-05
1764097240, 102, Quadric Simplification, 701641, 1244148, 0.530389, 0.4982651, 0, 0.0002297759, 2.9938758E-05
1764097240, 103, Quadric Simplification, 701641, 1244148, 0.530389, 0.4982651, 0, 0.00018435717, 8.526195E-06
1764097240, 104, Quadric Simplification, 701641, 1244148, 0.530389, 0.4982651, 0, 0.0002940297, 1.205744E-05
1764097240, 105, Quadric Simplification, 701641, 1244148, 0.530389, 0.4982651, 0, 0.00025343895, 3.348633E-05
1764097240, 106, Quadric Simplification, 701641, 1244148, 0.530389, 0.4982651, 0, 0.00028169155, 3.381266E-05
1764097240, 107, Quadric Simplification, 701641, 1244148, 0.530389, 0.4982651, 0, 0.00022214651, 2.9602987E-05
1764097240, 108, Quadric Simplification, 701641, 1244148, 0.530389, 0.4982651, 0, 0.00037759542, 4.685037E-05
1764097240, 109, Quadric Simplification, 701641, 1244148, 0.530389, 0.4982651, 0, 0.00049453974, 7.1435876E-05
1764097240, 110, Quadric Simplification, 701641, 1244148, 0.530389, 0.4982651, 0, 0.00028204918, 3.5054156E-05
1764097240, 111, Quadric Simplification, 701641, 1244148, 0.530389, 0.4982651, 0, 0.00029027462, 3.1658106E-05
1764097240, 112, Quadric Simplification, 701641, 1244148, 0.530389, 0.4982651, 0, 0.0002554059, 5.378365E-06
1764097240, 113, Quadric Simplification, 701641, 1244148, 0.530389, 0.4982651, 0, 0.00015348196, 1.5591322E-05
1764097240, 114, Quadric Simplification, 701641, 1244148, 0.530389, 0.4982651, 0, 0.00012719631, 1.9243906E-05
1764097240, 115, Quadric Simplification, 701641, 1244148, 0.530389, 0.4982651, 0, 0.0002977252, 3.002543E-05
1764097240, 116, Quadric Simplification, 701641, 1244148, 0.530389, 0.4982651, 0, 0.00029367208, 2.5991605E-05
1764097240, 117, Quadric Simplification, 701641, 1244148, 0.530389, 0.4982651, 0, 0.00022685528, 3.199836E-05
1764097240, 118, Quadric Simplification, 701641, 1244148, 0.530389, 0.4982651, 0, 0.00033289194, 3.2108965E-05
1764097240, 119, Quadric Simplification, 701641, 1244148, 0.530389, 0.4982651, 0, 0.00043708086, 5.109398E-05
1764097240, 120, Quadric Simplification, 701641, 1244148, 0.530389, 0.4982651, 0, 0.00035971403, 4.442949E-05
1764097240, 121, Quadric Simplification, 701641, 1244148, 0.530389, 0.4982651, 0, 0.000169456, 2.8741862E-05
1764097240, 122, Quadric Simplification, 701641, 1244148, 0.530389, 0.4982651, 0, 0.00018560886, 2.462547E-05
1764097240, 123, Quadric Simplification, 701641, 1244148, 0.530389, 0.4982651, 0, 0.0001399517, 1.3108426E-05
1764097240, 124, Quadric Simplification, 701641, 1244148, 0.530389, 0.4982651, 0, 0.0002065301, 2.8913038E-05
1764097240, 125, Quadric Simplification, 701641, 1244148, 0.530389, 0.4982651, 0, 0.0003746748, 4.0056657E-05
1764097240, 126, Quadric Simplification, 701641, 1244148, 0.530389, 0.4982651, 0, 0.00040769577, 5.0958966E-05
1764097240, 127, Quadric Simplification, 701641, 1244148, 0.530389, 0.4982651, 0, 0.0004598039, 5.054167E-05
1764097240, 128, Quadric Simplification, 701641, 1244148, 0.530389, 0.4982651, 0, 0.00024837255, 3.4568577E-05
1764097240, 129, Quadric Simplification, 701641, 1244148, 0.530389, 0.4982651, 0, 0.00017261505, 9.656299E-06
1764097240, 130, Quadric Simplification, 701641, 1244148, 0.530389, 0.4982651, 0, 0.0002090931, 9.654788E-06
1764097240, 131, Quadric Simplification, 701641, 1244148, 0.530389, 0.4982651, 0, 0.00051641464, 6.576426E-05
1764097240, 132, Quadric Simplification, 701641, 1244148, 0.530389, 0.4982651, 0, 0.00039201975, 5.7435256E-05
1764097240, 133, Quadric Simplification, 701641, 1244148, 0.530389, 0.4982651, 0, 0.00021892786, 1.2301013E-05
1764097240, 134, Quadric Simplification, 701641, 1244148, 0.530389, 0.4982651, 0, 0.00020216045, 1.8054683E-05
1764097240, 135, Quadric Simplification, 701641, 1244148, 0.530389, 0.4982651, 0, 0.00026148558, 2.4060735E-06
1764097240, 136, Quadric Simplification, 701641, 1244148, 0.530389, 0.4982651, 0, 0.00018763542, 1.2684739E-05
1764097240, 137, Quadric Simplification, 701641, 1244148, 0.530389, 0.4982651, 0, 0.00018370152, 5.055552E-06
1764097240, 138, Quadric Simplification, 701641, 1244148, 0.530389, 0.4982651, 0, 0.0005457401, 6.636428E-05
1764097240, 139, Quadric Simplification, 701641, 1244148, 0.530389, 0.4982651, 0, 0.00035870075, 4.7174843E-05
1764097240, 140, Quadric Simplification, 701641, 1244148, 0.530389, 0.4982651, 0, 0.00019943714, 2.7033317E-05
1764097240, 141, Quadric Simplification, 701641, 1244148, 0.530389, 0.4982651, 0, 0.0004633665, 5.6759596E-05
1764097240, 142, Quadric Simplification, 701641, 1244148, 0.530389, 0.4982651, 0, 0.00020074844, 7.4549353E-06
1764097240, 143, Quadric Simplification, 701641, 1244148, 0.530389, 0.4982651, 0, 0.00015491247, 1.9149444E-05
1764097240, 144, Quadric Simplification, 701641, 1244148, 0.530389, 0.4982651, 0, 0.0002182126, 1.5902837E-05
1764097240, 145, Quadric Simplification, 701641, 1244148, 0.530389, 0.4982651, 0, 0.00024664402, 2.9349236E-05
1764097240, 146, Quadric Simplification, 701641, 1244148, 0.530389, 0.4982651, 0, 0.00013327599, 6.03203E-06
1764097240, 147, Quadric Simplification, 701641, 1244148, 0.530389, 0.4982651, 0, 0.00018417835, 2.0681871E-05
1764097240, 148, Quadric Simplification, 701641, 1244148, 0.530389, 0.4982651, 0, 0.00028157234, 3.4171764E-05
1764097240, 149, Quadric Simplification, 701641, 1244148, 0.530389, 0.4982651, 0, 0.00022512674, 7.0030496E-06
1764097240, 150, Quadric Simplification, 701641, 1244148, 0.530389, 0.4982651, 0, 0.00028920174, 3.6858928E-05
1764097240, 151, Quadric Simplification, 701641, 1244148, 0.530389, 0.4982651, 0, 0.00018835068, 2.8281633E-05
1764097240, 152, Quadric Simplification, 701641, 1244148, 0.530389, 0.4982651, 0, 0.00029587746, 3.8737246E-05
1764097240, 153, Quadric Simplification, 701641, 1244148, 0.530389, 0.4982651, 0, 0.00026285648, 2.9135712E-05
1764097240, 154, Quadric Simplification, 701641, 1244148, 0.530389, 0.4982651, 0, 0.00024747849, 2.8445154E-05
1764097240, 155, Quadric Simplification, 701641, 1244148, 0.530389, 0.4982651, 0, 0.00030088425, 3.21461E-05
1764097240, 156, Quadric Simplification, 701641, 1244148, 0.530389, 0.4982651, 0, 0.00028580427, 4.198894E-05
1764097240, 157, Quadric Simplification, 701641, 1244148, 0.530389, 0.4982651, 0, 0.00036287308, 4.2902666E-05
1764097240, 158, Quadric Simplification, 701641, 1244148, 0.530389, 0.4982651, 0, 0.00030970573, 4.3733566E-05
1764097240, 159, Quadric Simplification, 701641, 1244148, 0.530389, 0.4982651, 0, 0.00027942657, 2.9387737E-05
1764097240, 160, Quadric Simplification, 701641, 1244148, 0.530389, 0.4982651, 0, 0.00013136864, 1.1163596E-05
1764097240, 161, Quadric Simplification, 701641, 1244148, 0.530389, 0.4982651, 0, 0.00018900633, 2.19629E-05
